INSERT INTO Inventory (Id)
VALUES (1);

INSERT INTO Inventory (Id)
VALUES (2);

INSERT INTO Inventory (Id)
VALUES (3);

INSERT INTO Inventory (Id)
VALUES (4);

INSERT INTO Inventory (Id)
VALUES (5);

INSERT INTO Inventory (Id)
VALUES (6);

INSERT INTO Inventory (Id)
VALUES (7);

INSERT INTO Inventory (Id)
VALUES (8);

INSERT INTO Inventory (Id)
VALUES (9);

INSERT INTO Inventory (Id)
VALUES (10);

INSERT INTO Inventory (Id)
VALUES (11);

INSERT INTO Inventory (Id)
VALUES (12);

INSERT INTO Inventory (Id)
VALUES (13);

INSERT INTO Inventory (Id)
VALUES (14);

INSERT INTO Inventory (Id)
VALUES (15);

INSERT INTO Inventory (Id)
VALUES (16);

INSERT INTO Inventory (Id)
VALUES (17);

INSERT INTO Inventory (Id)
VALUES (18);

INSERT INTO Inventory (Id)
VALUES (19);

INSERT INTO Inventory (Id)
VALUES (20);

INSERT INTO Inventory (Id)
VALUES (21);

INSERT INTO Player (Username, Password, Email, Inventory_id)
VALUES ('Dawlau', '123456', 'blahovici_andrei2000@yahoo.com', 1);

INSERT INTO Player (Username, Password, Email, Inventory_id)
VALUES ('John', 'HiGuys', 'john@gmail.com', 2);

INSERT INTO Player (Username, Password, Email, Inventory_id)
VALUES ('WarriorMan', 'ILikeCats', 'warman@gmail.com', 3);

INSERT INTO Player (Username, Password, Email, Inventory_id)
VALUES ('lNlotforyou', 'ageaf', 'lNlotforyou@gmail.com', 4);

INSERT INTO Player (Username, Password, Email, Inventory_id)
VALUES ('Kanibalutzu', 'blablabla', 'Kanibalutzu@gmail.com', 5);

INSERT INTO Player (Username, Password, Email, Inventory_id)
VALUES ('Iflorin30', 'qpqpqpqpqpqpqpqpqpq', 'Iflorin30@gmail.com', 6);

INSERT INTO Player (Username, Password, Email, Inventory_id)
VALUES ('SweetPau', 'qwerty1234567', 'SweetPau@gmail.com', 7);

INSERT INTO Player (Username, Password, Email, Inventory_id)
VALUES ('xIoNuT01x', 'macheamaionut', 'xIoNuT01x@gmail.com', 8);

INSERT INTO Player (Username, Password, Email, Inventory_id)
VALUES ('FearOfTheGun', 'nustiucummacheama', 'FearOfTheGun@gmail.com', 9);

INSERT INTO Player (Username, Password, Email, Inventory_id)
VALUES ('Kanidy', 'idontknowwhatimdoinghere', 'Kanidy@gmail.com', 10);

INSERT INTO Player (Username, Password, Email, Inventory_id)
VALUES ('beLLeSe', 'havingagoodtime@1!', 'beLLeSe@gmail.com', 11);

INSERT INTO Player (Username, Password, Email, Inventory_id)
VALUES ('ID3von', 'pppqqqlfwt@1&', 'ID3von@gmail.com', 12);

INSERT INTO Player (Username, Password, Email, Inventory_id)
VALUES ('Julissa', 'romeo&juliet1624', 'Julissa@gmail.com', 13);

INSERT INTO Defensive_item (Name, Description, Bonus_Health)
VALUES ('Tiger Plate Armour', 'Level 18 armour', 50);

INSERT INTO Defensive_item (Name, Description, Bonus_Health)
VALUES ('Lethal Plate Armour', 'Level 34 armour', 150);

INSERT INTO Defensive_item (Name, Description, Bonus_Health)
VALUES ('Crimson Suit', 'Level 9 armour', 25);

INSERT INTO Defensive_item (Name, Description, Bonus_Health)
VALUES ('Ninja Suit', 'Level 42 armour', 250);

INSERT INTO Defensive_item (Name, Description, Bonus_Health)
VALUES ('Gost Mask Armour', 'Level 61 armour', 400);

INSERT INTO Defensive_item (Name, Description, Bonus_Health)
VALUES ('Requiem Plate Armour', 'Level 1 armour', 10);

INSERT INTO Defensive_item (Name, Description, Bonus_Health)
VALUES ('Amorous Clothing', 'Level 26 armour', 100);

INSERT INTO Defensive_item (Name, Description, Bonus_Health)
VALUES ('Clothing of Morality', 'Level 54 armour', 325);

INSERT INTO Defensive_item (Name, Description, Bonus_Health)
VALUES ('Chain Hood', 'Level 21 helmet', 60);

INSERT INTO Defensive_item (Name, Description, Bonus_Health)
VALUES ('Bloody Helmet', 'Level 1 helmet', 5);

INSERT INTO Defensive_item (Name, Description, Bonus_Health)
VALUES ('Ghost Mask Sallet', 'Level 41 helmet', 140);

INSERT INTO Defensive_item (Name, Description, Bonus_Health)
VALUES ('Battle Shield', 'Level 1 shield', 30);

INSERT INTO Defensive_item (Name, Description, Bonus_Health)
VALUES ('Pentagon Shield', 'Level 21 shield', 80);

INSERT INTO Defensive_item (Name, Description, Bonus_Health)
VALUES ('Black Round Shield', 'Level 41 shield', 150);

INSERT INTO Defensive_item (Name, Description, Bonus_Health)
VALUES ('Silver Bracelet', 'Level 15 bracelet', 30);

INSERT INTO Defensive_item (Name, Description, Bonus_Health)
VALUES ('White Gold Bracelet', 'Level 42 bracelet', 160);

INSERT INTO Defensive_item (Name, Description, Bonus_Health)
VALUES ('Heaven''s Tear Bracelet', 'Level 54 bracelet', 240);

INSERT INTO Defensive_item (Name, Description, Bonus_Health)
VALUES ('Leather Shoes', 'Level 1 shoes', 5);

INSERT INTO Defensive_item (Name, Description, Bonus_Health)
VALUES ('Leather Boots', 'Level 34 boots', 130);

INSERT INTO Defensive_item (Name, Description, Bonus_Health)
VALUES ('Fire Bird Shoes', 'Level 54 shoes', 240);

INSERT INTO Defensive_item (Name, Description, Bonus_Health)
VALUES ('Golden necklace', 'Level 27 necklace', 80);

INSERT INTO Defensive_item (Name, Description, Bonus_Health)
VALUES ('Crystal Necklace', 'Level 46 necklace', 170);

INSERT INTO Defensive_item (Name, Description, Bonus_Health)
VALUES ('Heaven''s Tear Necklace', 'Level 54 necklace', 300);

INSERT INTO Defensive_item (Name, Description, Bonus_Health)
VALUES ('Ebony Earrings', 'Level 34 earrings', 170);

INSERT INTO Defensive_item (Name, Description, Bonus_Health)
VALUES ('Amethyst Earrings', 'Level 46 earrings', 250);

INSERT INTO Defensive_item (Name, Description, Bonus_Health)
VALUES ('Heaven''s Tear Earrings', 'Level 54 earrings', 320);

INSERT INTO Offensive_item (Name, Description, Bonus_Damage)
VALUES ('Broad Sword', 'Level 20 One-Handed Weapon', 30);

INSERT INTO Offensive_item (Name, Description, Bonus_Damage)
VALUES ('Full Moon Sword', 'Level 30 One-Handed Weapon', 50);

INSERT INTO Offensive_item (Name, Description, Bonus_Damage)
VALUES ('Battle Sword', 'Level 65 One-Handed Weapon', 120);

INSERT INTO Offensive_item (Name, Description, Bonus_Damage)
VALUES ('Poison Sword', 'Level 75 One-Handed Weapon', 180);

INSERT INTO Offensive_item (Name, Description, Bonus_Damage)
VALUES ('Devil Mask Dagger', 'Level 45 One-Handed Weapon', 80);

INSERT INTO Offensive_item (Name, Description, Bonus_Damage)
VALUES ('Bloody Dagger', 'Level 54 One-Handed Weapon', 100);

INSERT INTO Offensive_item (Name, Description, Bonus_Damage)
VALUES ('Chackram', 'Level 85 One-Handed Weapon', 230);

INSERT INTO Offensive_item (Name, Description, Bonus_Damage)
VALUES ('Dragon knife', 'Level 35 One-Handed Weapon', 70);

INSERT INTO Offensive_item (Name, Description, Bonus_Damage)
VALUES ('Spear', 'Level 15 Two-Handed Weapon', 20);

INSERT INTO Offensive_item (Name, Description, Bonus_Damage)
VALUES ('Guillotine Blade', 'Level 10 Two-Handed Weapon', 10);

INSERT INTO Offensive_item (Name, Description, Bonus_Damage)
VALUES ('Glaive', 'Level 1 Two-Handed Weapon', 5);

INSERT INTO Inventory_DefItem (Id, Item_name)
VALUES (1, 'Leather Boots');

INSERT INTO Inventory_DefItem (Id, Item_name)
VALUES (1, 'Heaven''s Tear Earrings');

INSERT INTO Inventory_DefItem (Id, Item_name)
VALUES (1, 'Crimson Suit');

INSERT INTO Inventory_DefItem (Id, Item_name)
VALUES (1, 'Bloody Helmet');

INSERT INTO Inventory_DefItem (Id, Item_name)
VALUES (1, 'Gost Mask Armour');

INSERT INTO Inventory_DefItem (Id, Item_name)
VALUES (1, 'Fire Bird Shoes');

INSERT INTO Inventory_DefItem (Id, Item_name)
VALUES (1, 'Leather Shoes');

INSERT INTO Inventory_DefItem (Id, Item_name)
VALUES (1, 'Crystal Necklace');

INSERT INTO Inventory_DefItem (Id, Item_name)
VALUES (2, 'Pentagon Shield');

INSERT INTO Inventory_DefItem (Id, Item_name)
VALUES (2, 'Amorous Clothing');

INSERT INTO Inventory_DefItem (Id, Item_name)
VALUES (2, 'Ninja Suit');

INSERT INTO Inventory_DefItem (Id, Item_name)
VALUES (2, 'Leather Boots');

INSERT INTO Inventory_DefItem (Id, Item_name)
VALUES (2, 'Tiger Plate Armour');

INSERT INTO Inventory_DefItem (Id, Item_name)
VALUES (2, 'Heaven''s Tear Bracelet');

INSERT INTO Inventory_DefItem (Id, Item_name)
VALUES (2, 'Fire Bird Shoes');

INSERT INTO Inventory_DefItem (Id, Item_name)
VALUES (2, 'Lethal Plate Armour');

INSERT INTO Inventory_DefItem (Id, Item_name)
VALUES (2, 'Heaven''s Tear Necklace');

INSERT INTO Inventory_DefItem (Id, Item_name)
VALUES (2, 'Black Round Shield');

INSERT INTO Inventory_DefItem (Id, Item_name)
VALUES (2, 'Battle Shield');

INSERT INTO Inventory_DefItem (Id, Item_name)
VALUES (2, 'Leather Shoes');

INSERT INTO Inventory_DefItem (Id, Item_name)
VALUES (2, 'Gost Mask Armour');

INSERT INTO Inventory_DefItem (Id, Item_name)
VALUES (2, 'Ghost Mask Sallet');

INSERT INTO Inventory_DefItem (Id, Item_name)
VALUES (2, 'Crimson Suit');

INSERT INTO Inventory_DefItem (Id, Item_name)
VALUES (2, 'Requiem Plate Armour');

INSERT INTO Inventory_DefItem (Id, Item_name)
VALUES (2, 'Clothing of Morality');

INSERT INTO Inventory_DefItem (Id, Item_name)
VALUES (2, 'Heaven''s Tear Earrings');

INSERT INTO Inventory_DefItem (Id, Item_name)
VALUES (2, 'Chain Hood');

INSERT INTO Inventory_DefItem (Id, Item_name)
VALUES (2, 'Golden necklace');

INSERT INTO Inventory_DefItem (Id, Item_name)
VALUES (2, 'Amethyst Earrings');

INSERT INTO Inventory_DefItem (Id, Item_name)
VALUES (2, 'Silver Bracelet');

INSERT INTO Inventory_DefItem (Id, Item_name)
VALUES (2, 'Ebony Earrings');

INSERT INTO Inventory_DefItem (Id, Item_name)
VALUES (2, 'Crystal Necklace');

INSERT INTO Inventory_DefItem (Id, Item_name)
VALUES (3, 'Heaven''s Tear Bracelet');

INSERT INTO Inventory_DefItem (Id, Item_name)
VALUES (3, 'Clothing of Morality');

INSERT INTO Inventory_DefItem (Id, Item_name)
VALUES (3, 'White Gold Bracelet');

INSERT INTO Inventory_DefItem (Id, Item_name)
VALUES (3, 'Leather Boots');

INSERT INTO Inventory_DefItem (Id, Item_name)
VALUES (4, 'Clothing of Morality');

INSERT INTO Inventory_DefItem (Id, Item_name)
VALUES (4, 'Pentagon Shield');

INSERT INTO Inventory_DefItem (Id, Item_name)
VALUES (4, 'Chain Hood');

INSERT INTO Inventory_DefItem (Id, Item_name)
VALUES (4, 'Amethyst Earrings');

INSERT INTO Inventory_DefItem (Id, Item_name)
VALUES (4, 'Bloody Helmet');

INSERT INTO Inventory_DefItem (Id, Item_name)
VALUES (4, 'Leather Boots');

INSERT INTO Inventory_DefItem (Id, Item_name)
VALUES (4, 'Black Round Shield');

INSERT INTO Inventory_DefItem (Id, Item_name)
VALUES (4, 'Tiger Plate Armour');

INSERT INTO Inventory_DefItem (Id, Item_name)
VALUES (4, 'Golden necklace');

INSERT INTO Inventory_DefItem (Id, Item_name)
VALUES (4, 'Gost Mask Armour');

INSERT INTO Inventory_DefItem (Id, Item_name)
VALUES (4, 'Ghost Mask Sallet');

INSERT INTO Inventory_DefItem (Id, Item_name)
VALUES (4, 'Fire Bird Shoes');

INSERT INTO Inventory_DefItem (Id, Item_name)
VALUES (4, 'Heaven''s Tear Necklace');

INSERT INTO Inventory_DefItem (Id, Item_name)
VALUES (4, 'Amorous Clothing');

INSERT INTO Inventory_DefItem (Id, Item_name)
VALUES (4, 'Crimson Suit');

INSERT INTO Inventory_DefItem (Id, Item_name)
VALUES (4, 'White Gold Bracelet');

INSERT INTO Inventory_DefItem (Id, Item_name)
VALUES (4, 'Ebony Earrings');

INSERT INTO Inventory_DefItem (Id, Item_name)
VALUES (4, 'Leather Shoes');

INSERT INTO Inventory_DefItem (Id, Item_name)
VALUES (4, 'Battle Shield');

INSERT INTO Inventory_DefItem (Id, Item_name)
VALUES (4, 'Requiem Plate Armour');

INSERT INTO Inventory_DefItem (Id, Item_name)
VALUES (4, 'Silver Bracelet');

INSERT INTO Inventory_DefItem (Id, Item_name)
VALUES (5, 'White Gold Bracelet');

INSERT INTO Inventory_DefItem (Id, Item_name)
VALUES (5, 'Leather Shoes');

INSERT INTO Inventory_DefItem (Id, Item_name)
VALUES (5, 'Pentagon Shield');

INSERT INTO Inventory_DefItem (Id, Item_name)
VALUES (5, 'Crystal Necklace');

INSERT INTO Inventory_DefItem (Id, Item_name)
VALUES (5, 'Lethal Plate Armour');

INSERT INTO Inventory_DefItem (Id, Item_name)
VALUES (5, 'Fire Bird Shoes');

INSERT INTO Inventory_DefItem (Id, Item_name)
VALUES (5, 'Chain Hood');

INSERT INTO Inventory_DefItem (Id, Item_name)
VALUES (5, 'Heaven''s Tear Bracelet');

INSERT INTO Inventory_DefItem (Id, Item_name)
VALUES (5, 'Golden necklace');

INSERT INTO Inventory_DefItem (Id, Item_name)
VALUES (5, 'Amorous Clothing');

INSERT INTO Inventory_DefItem (Id, Item_name)
VALUES (5, 'Leather Boots');

INSERT INTO Inventory_DefItem (Id, Item_name)
VALUES (5, 'Battle Shield');

INSERT INTO Inventory_DefItem (Id, Item_name)
VALUES (5, 'Ebony Earrings');

INSERT INTO Inventory_DefItem (Id, Item_name)
VALUES (5, 'Heaven''s Tear Earrings');

INSERT INTO Inventory_DefItem (Id, Item_name)
VALUES (5, 'Heaven''s Tear Necklace');

INSERT INTO Inventory_DefItem (Id, Item_name)
VALUES (5, 'Clothing of Morality');

INSERT INTO Inventory_DefItem (Id, Item_name)
VALUES (5, 'Crimson Suit');

INSERT INTO Inventory_DefItem (Id, Item_name)
VALUES (5, 'Silver Bracelet');

INSERT INTO Inventory_DefItem (Id, Item_name)
VALUES (5, 'Ninja Suit');

INSERT INTO Inventory_DefItem (Id, Item_name)
VALUES (5, 'Amethyst Earrings');

INSERT INTO Inventory_DefItem (Id, Item_name)
VALUES (5, 'Gost Mask Armour');

INSERT INTO Inventory_DefItem (Id, Item_name)
VALUES (5, 'Black Round Shield');

INSERT INTO Inventory_DefItem (Id, Item_name)
VALUES (6, 'Battle Shield');

INSERT INTO Inventory_DefItem (Id, Item_name)
VALUES (6, 'Heaven''s Tear Bracelet');

INSERT INTO Inventory_DefItem (Id, Item_name)
VALUES (6, 'Heaven''s Tear Earrings');

INSERT INTO Inventory_DefItem (Id, Item_name)
VALUES (6, 'Tiger Plate Armour');

INSERT INTO Inventory_DefItem (Id, Item_name)
VALUES (6, 'Leather Boots');

INSERT INTO Inventory_DefItem (Id, Item_name)
VALUES (6, 'Crimson Suit');

INSERT INTO Inventory_DefItem (Id, Item_name)
VALUES (6, 'Pentagon Shield');

INSERT INTO Inventory_DefItem (Id, Item_name)
VALUES (6, 'Amethyst Earrings');

INSERT INTO Inventory_DefItem (Id, Item_name)
VALUES (6, 'Leather Shoes');

INSERT INTO Inventory_DefItem (Id, Item_name)
VALUES (6, 'Clothing of Morality');

INSERT INTO Inventory_DefItem (Id, Item_name)
VALUES (6, 'Chain Hood');

INSERT INTO Inventory_DefItem (Id, Item_name)
VALUES (6, 'Silver Bracelet');

INSERT INTO Inventory_DefItem (Id, Item_name)
VALUES (6, 'Requiem Plate Armour');

INSERT INTO Inventory_DefItem (Id, Item_name)
VALUES (6, 'Lethal Plate Armour');

INSERT INTO Inventory_DefItem (Id, Item_name)
VALUES (6, 'Bloody Helmet');

INSERT INTO Inventory_DefItem (Id, Item_name)
VALUES (6, 'Crystal Necklace');

INSERT INTO Inventory_DefItem (Id, Item_name)
VALUES (7, 'Clothing of Morality');

INSERT INTO Inventory_DefItem (Id, Item_name)
VALUES (7, 'Black Round Shield');

INSERT INTO Inventory_DefItem (Id, Item_name)
VALUES (7, 'Leather Boots');

INSERT INTO Inventory_DefItem (Id, Item_name)
VALUES (7, 'Pentagon Shield');

INSERT INTO Inventory_DefItem (Id, Item_name)
VALUES (7, 'Heaven''s Tear Necklace');

INSERT INTO Inventory_DefItem (Id, Item_name)
VALUES (7, 'Silver Bracelet');

INSERT INTO Inventory_DefItem (Id, Item_name)
VALUES (7, 'Fire Bird Shoes');

INSERT INTO Inventory_DefItem (Id, Item_name)
VALUES (7, 'Bloody Helmet');

INSERT INTO Inventory_DefItem (Id, Item_name)
VALUES (7, 'Heaven''s Tear Earrings');

INSERT INTO Inventory_DefItem (Id, Item_name)
VALUES (7, 'Tiger Plate Armour');

INSERT INTO Inventory_DefItem (Id, Item_name)
VALUES (7, 'Golden necklace');

INSERT INTO Inventory_DefItem (Id, Item_name)
VALUES (7, 'Crystal Necklace');

INSERT INTO Inventory_DefItem (Id, Item_name)
VALUES (7, 'Amethyst Earrings');

INSERT INTO Inventory_DefItem (Id, Item_name)
VALUES (7, 'Leather Shoes');

INSERT INTO Inventory_DefItem (Id, Item_name)
VALUES (7, 'Battle Shield');

INSERT INTO Inventory_DefItem (Id, Item_name)
VALUES (7, 'Ninja Suit');

INSERT INTO Inventory_DefItem (Id, Item_name)
VALUES (7, 'Heaven''s Tear Bracelet');

INSERT INTO Inventory_DefItem (Id, Item_name)
VALUES (7, 'Ebony Earrings');

INSERT INTO Inventory_DefItem (Id, Item_name)
VALUES (7, 'Requiem Plate Armour');

INSERT INTO Inventory_DefItem (Id, Item_name)
VALUES (7, 'Amorous Clothing');

INSERT INTO Inventory_DefItem (Id, Item_name)
VALUES (7, 'Lethal Plate Armour');

INSERT INTO Inventory_DefItem (Id, Item_name)
VALUES (8, 'Battle Shield');

INSERT INTO Inventory_DefItem (Id, Item_name)
VALUES (8, 'Fire Bird Shoes');

INSERT INTO Inventory_DefItem (Id, Item_name)
VALUES (8, 'Leather Boots');

INSERT INTO Inventory_DefItem (Id, Item_name)
VALUES (8, 'Amorous Clothing');

INSERT INTO Inventory_DefItem (Id, Item_name)
VALUES (8, 'Golden necklace');

INSERT INTO Inventory_DefItem (Id, Item_name)
VALUES (8, 'White Gold Bracelet');

INSERT INTO Inventory_DefItem (Id, Item_name)
VALUES (8, 'Crystal Necklace');

INSERT INTO Inventory_DefItem (Id, Item_name)
VALUES (8, 'Black Round Shield');

INSERT INTO Inventory_DefItem (Id, Item_name)
VALUES (8, 'Leather Shoes');

INSERT INTO Inventory_DefItem (Id, Item_name)
VALUES (8, 'Silver Bracelet');

INSERT INTO Inventory_DefItem (Id, Item_name)
VALUES (8, 'Tiger Plate Armour');

INSERT INTO Inventory_DefItem (Id, Item_name)
VALUES (8, 'Ghost Mask Sallet');

INSERT INTO Inventory_DefItem (Id, Item_name)
VALUES (8, 'Pentagon Shield');

INSERT INTO Inventory_DefItem (Id, Item_name)
VALUES (8, 'Heaven''s Tear Necklace');

INSERT INTO Inventory_DefItem (Id, Item_name)
VALUES (8, 'Ebony Earrings');

INSERT INTO Inventory_DefItem (Id, Item_name)
VALUES (8, 'Clothing of Morality');

INSERT INTO Inventory_DefItem (Id, Item_name)
VALUES (8, 'Heaven''s Tear Bracelet');

INSERT INTO Inventory_DefItem (Id, Item_name)
VALUES (8, 'Lethal Plate Armour');

INSERT INTO Inventory_DefItem (Id, Item_name)
VALUES (8, 'Requiem Plate Armour');

INSERT INTO Inventory_DefItem (Id, Item_name)
VALUES (9, 'Requiem Plate Armour');

INSERT INTO Inventory_DefItem (Id, Item_name)
VALUES (9, 'Leather Boots');

INSERT INTO Inventory_DefItem (Id, Item_name)
VALUES (9, 'Golden necklace');

INSERT INTO Inventory_DefItem (Id, Item_name)
VALUES (9, 'Amorous Clothing');

INSERT INTO Inventory_DefItem (Id, Item_name)
VALUES (9, 'Crimson Suit');

INSERT INTO Inventory_DefItem (Id, Item_name)
VALUES (9, 'Heaven''s Tear Necklace');

INSERT INTO Inventory_DefItem (Id, Item_name)
VALUES (9, 'Battle Shield');

INSERT INTO Inventory_DefItem (Id, Item_name)
VALUES (9, 'Lethal Plate Armour');

INSERT INTO Inventory_DefItem (Id, Item_name)
VALUES (9, 'Gost Mask Armour');

INSERT INTO Inventory_DefItem (Id, Item_name)
VALUES (9, 'Clothing of Morality');

INSERT INTO Inventory_DefItem (Id, Item_name)
VALUES (9, 'Tiger Plate Armour');

INSERT INTO Inventory_DefItem (Id, Item_name)
VALUES (9, 'White Gold Bracelet');

INSERT INTO Inventory_DefItem (Id, Item_name)
VALUES (9, 'Ninja Suit');

INSERT INTO Inventory_DefItem (Id, Item_name)
VALUES (9, 'Heaven''s Tear Earrings');

INSERT INTO Inventory_DefItem (Id, Item_name)
VALUES (9, 'Black Round Shield');

INSERT INTO Inventory_DefItem (Id, Item_name)
VALUES (9, 'Pentagon Shield');

INSERT INTO Inventory_DefItem (Id, Item_name)
VALUES (9, 'Heaven''s Tear Bracelet');

INSERT INTO Inventory_DefItem (Id, Item_name)
VALUES (9, 'Bloody Helmet');

INSERT INTO Inventory_DefItem (Id, Item_name)
VALUES (9, 'Silver Bracelet');

INSERT INTO Inventory_DefItem (Id, Item_name)
VALUES (9, 'Leather Shoes');

INSERT INTO Inventory_DefItem (Id, Item_name)
VALUES (9, 'Fire Bird Shoes');

INSERT INTO Inventory_DefItem (Id, Item_name)
VALUES (9, 'Chain Hood');

INSERT INTO Inventory_DefItem (Id, Item_name)
VALUES (9, 'Crystal Necklace');

INSERT INTO Inventory_DefItem (Id, Item_name)
VALUES (9, 'Ghost Mask Sallet');

INSERT INTO Inventory_DefItem (Id, Item_name)
VALUES (10, 'Heaven''s Tear Bracelet');

INSERT INTO Inventory_DefItem (Id, Item_name)
VALUES (10, 'Requiem Plate Armour');

INSERT INTO Inventory_DefItem (Id, Item_name)
VALUES (10, 'Ebony Earrings');

INSERT INTO Inventory_DefItem (Id, Item_name)
VALUES (10, 'Bloody Helmet');

INSERT INTO Inventory_DefItem (Id, Item_name)
VALUES (10, 'Amethyst Earrings');

INSERT INTO Inventory_DefItem (Id, Item_name)
VALUES (10, 'Battle Shield');

INSERT INTO Inventory_DefItem (Id, Item_name)
VALUES (10, 'Leather Boots');

INSERT INTO Inventory_DefItem (Id, Item_name)
VALUES (10, 'Black Round Shield');

INSERT INTO Inventory_DefItem (Id, Item_name)
VALUES (10, 'Crystal Necklace');

INSERT INTO Inventory_DefItem (Id, Item_name)
VALUES (10, 'Heaven''s Tear Necklace');

INSERT INTO Inventory_DefItem (Id, Item_name)
VALUES (10, 'Ninja Suit');

INSERT INTO Inventory_DefItem (Id, Item_name)
VALUES (10, 'Tiger Plate Armour');

INSERT INTO Inventory_DefItem (Id, Item_name)
VALUES (11, 'Pentagon Shield');

INSERT INTO Inventory_DefItem (Id, Item_name)
VALUES (11, 'Ghost Mask Sallet');

INSERT INTO Inventory_DefItem (Id, Item_name)
VALUES (11, 'White Gold Bracelet');

INSERT INTO Inventory_DefItem (Id, Item_name)
VALUES (11, 'Amorous Clothing');

INSERT INTO Inventory_DefItem (Id, Item_name)
VALUES (11, 'Bloody Helmet');

INSERT INTO Inventory_DefItem (Id, Item_name)
VALUES (11, 'Ninja Suit');

INSERT INTO Inventory_DefItem (Id, Item_name)
VALUES (11, 'Black Round Shield');

INSERT INTO Inventory_DefItem (Id, Item_name)
VALUES (11, 'Ebony Earrings');

INSERT INTO Inventory_DefItem (Id, Item_name)
VALUES (11, 'Chain Hood');

INSERT INTO Inventory_DefItem (Id, Item_name)
VALUES (11, 'Crystal Necklace');

INSERT INTO Inventory_DefItem (Id, Item_name)
VALUES (11, 'Tiger Plate Armour');

INSERT INTO Inventory_DefItem (Id, Item_name)
VALUES (11, 'Requiem Plate Armour');

INSERT INTO Inventory_DefItem (Id, Item_name)
VALUES (11, 'Lethal Plate Armour');

INSERT INTO Inventory_DefItem (Id, Item_name)
VALUES (12, 'Gost Mask Armour');

INSERT INTO Inventory_DefItem (Id, Item_name)
VALUES (12, 'Lethal Plate Armour');

INSERT INTO Inventory_DefItem (Id, Item_name)
VALUES (12, 'Heaven''s Tear Earrings');

INSERT INTO Inventory_DefItem (Id, Item_name)
VALUES (12, 'Clothing of Morality');

INSERT INTO Inventory_DefItem (Id, Item_name)
VALUES (12, 'Leather Shoes');

INSERT INTO Inventory_DefItem (Id, Item_name)
VALUES (12, 'Golden necklace');

INSERT INTO Inventory_DefItem (Id, Item_name)
VALUES (12, 'Heaven''s Tear Bracelet');

INSERT INTO Inventory_DefItem (Id, Item_name)
VALUES (12, 'Ebony Earrings');

INSERT INTO Inventory_DefItem (Id, Item_name)
VALUES (12, 'Ghost Mask Sallet');

INSERT INTO Inventory_DefItem (Id, Item_name)
VALUES (12, 'Amethyst Earrings');

INSERT INTO Inventory_DefItem (Id, Item_name)
VALUES (12, 'Crystal Necklace');

INSERT INTO Inventory_DefItem (Id, Item_name)
VALUES (12, 'Requiem Plate Armour');

INSERT INTO Inventory_DefItem (Id, Item_name)
VALUES (12, 'Black Round Shield');

INSERT INTO Inventory_DefItem (Id, Item_name)
VALUES (12, 'Leather Boots');

INSERT INTO Inventory_DefItem (Id, Item_name)
VALUES (12, 'Tiger Plate Armour');

INSERT INTO Inventory_DefItem (Id, Item_name)
VALUES (12, 'Pentagon Shield');

INSERT INTO Inventory_DefItem (Id, Item_name)
VALUES (13, 'Leather Boots');

INSERT INTO Inventory_DefItem (Id, Item_name)
VALUES (13, 'Ghost Mask Sallet');

INSERT INTO Inventory_DefItem (Id, Item_name)
VALUES (13, 'Ebony Earrings');

INSERT INTO Inventory_DefItem (Id, Item_name)
VALUES (13, 'Heaven''s Tear Necklace');

INSERT INTO Inventory_DefItem (Id, Item_name)
VALUES (13, 'Silver Bracelet');

INSERT INTO Inventory_DefItem (Id, Item_name)
VALUES (13, 'Lethal Plate Armour');

INSERT INTO Inventory_DefItem (Id, Item_name)
VALUES (13, 'Battle Shield');

INSERT INTO Inventory_DefItem (Id, Item_name)
VALUES (13, 'Requiem Plate Armour');

INSERT INTO Inventory_DefItem (Id, Item_name)
VALUES (13, 'Chain Hood');

INSERT INTO Inventory_DefItem (Id, Item_name)
VALUES (13, 'Crimson Suit');

INSERT INTO Inventory_DefItem (Id, Item_name)
VALUES (13, 'Heaven''s Tear Bracelet');

INSERT INTO Inventory_DefItem (Id, Item_name)
VALUES (13, 'Ninja Suit');

INSERT INTO Inventory_DefItem (Id, Item_name)
VALUES (13, 'Heaven''s Tear Earrings');

INSERT INTO Inventory_DefItem (Id, Item_name)
VALUES (13, 'Gost Mask Armour');

INSERT INTO Inventory_DefItem (Id, Item_name)
VALUES (13, 'Pentagon Shield');

INSERT INTO Inventory_DefItem (Id, Item_name)
VALUES (13, 'Black Round Shield');

INSERT INTO Inventory_DefItem (Id, Item_name)
VALUES (13, 'Clothing of Morality');

INSERT INTO Inventory_DefItem (Id, Item_name)
VALUES (13, 'Golden necklace');

INSERT INTO Inventory_DefItem (Id, Item_name)
VALUES (13, 'Leather Shoes');

INSERT INTO Inventory_DefItem (Id, Item_name)
VALUES (13, 'Amorous Clothing');

INSERT INTO Inventory_DefItem (Id, Item_name)
VALUES (13, 'Tiger Plate Armour');

INSERT INTO Inventory_DefItem (Id, Item_name)
VALUES (13, 'Amethyst Earrings');

INSERT INTO Inventory_DefItem (Id, Item_name)
VALUES (13, 'Bloody Helmet');

INSERT INTO Inventory_DefItem (Id, Item_name)
VALUES (13, 'Crystal Necklace');

INSERT INTO Inventory_DefItem (Id, Item_name)
VALUES (13, 'White Gold Bracelet');

INSERT INTO Inventory_DefItem (Id, Item_name)
VALUES (14, 'Silver Bracelet');

INSERT INTO Inventory_DefItem (Id, Item_name)
VALUES (14, 'Requiem Plate Armour');

INSERT INTO Inventory_DefItem (Id, Item_name)
VALUES (14, 'Amethyst Earrings');

INSERT INTO Inventory_DefItem (Id, Item_name)
VALUES (14, 'Crystal Necklace');

INSERT INTO Inventory_DefItem (Id, Item_name)
VALUES (14, 'Leather Boots');

INSERT INTO Inventory_DefItem (Id, Item_name)
VALUES (14, 'Lethal Plate Armour');

INSERT INTO Inventory_DefItem (Id, Item_name)
VALUES (14, 'White Gold Bracelet');

INSERT INTO Inventory_DefItem (Id, Item_name)
VALUES (14, 'Chain Hood');

INSERT INTO Inventory_DefItem (Id, Item_name)
VALUES (14, 'Heaven''s Tear Bracelet');

INSERT INTO Inventory_DefItem (Id, Item_name)
VALUES (14, 'Gost Mask Armour');

INSERT INTO Inventory_DefItem (Id, Item_name)
VALUES (14, 'Ghost Mask Sallet');

INSERT INTO Inventory_DefItem (Id, Item_name)
VALUES (14, 'Leather Shoes');

INSERT INTO Inventory_DefItem (Id, Item_name)
VALUES (14, 'Golden necklace');

INSERT INTO Inventory_DefItem (Id, Item_name)
VALUES (14, 'Battle Shield');

INSERT INTO Inventory_DefItem (Id, Item_name)
VALUES (14, 'Heaven''s Tear Necklace');

INSERT INTO Inventory_DefItem (Id, Item_name)
VALUES (14, 'Amorous Clothing');

INSERT INTO Inventory_DefItem (Id, Item_name)
VALUES (14, 'Fire Bird Shoes');

INSERT INTO Inventory_DefItem (Id, Item_name)
VALUES (14, 'Crimson Suit');

INSERT INTO Inventory_DefItem (Id, Item_name)
VALUES (14, 'Ebony Earrings');

INSERT INTO Inventory_DefItem (Id, Item_name)
VALUES (14, 'Clothing of Morality');

INSERT INTO Inventory_DefItem (Id, Item_name)
VALUES (14, 'Black Round Shield');

INSERT INTO Inventory_DefItem (Id, Item_name)
VALUES (14, 'Pentagon Shield');

INSERT INTO Inventory_DefItem (Id, Item_name)
VALUES (15, 'Ghost Mask Sallet');

INSERT INTO Inventory_DefItem (Id, Item_name)
VALUES (15, 'Golden necklace');

INSERT INTO Inventory_DefItem (Id, Item_name)
VALUES (15, 'Black Round Shield');

INSERT INTO Inventory_DefItem (Id, Item_name)
VALUES (15, 'Bloody Helmet');

INSERT INTO Inventory_DefItem (Id, Item_name)
VALUES (16, 'Requiem Plate Armour');

INSERT INTO Inventory_DefItem (Id, Item_name)
VALUES (16, 'Clothing of Morality');

INSERT INTO Inventory_DefItem (Id, Item_name)
VALUES (16, 'Pentagon Shield');

INSERT INTO Inventory_DefItem (Id, Item_name)
VALUES (16, 'Crystal Necklace');

INSERT INTO Inventory_DefItem (Id, Item_name)
VALUES (17, 'Ghost Mask Sallet');

INSERT INTO Inventory_DefItem (Id, Item_name)
VALUES (17, 'Silver Bracelet');

INSERT INTO Inventory_DefItem (Id, Item_name)
VALUES (17, 'Amorous Clothing');

INSERT INTO Inventory_DefItem (Id, Item_name)
VALUES (17, 'Bloody Helmet');

INSERT INTO Inventory_DefItem (Id, Item_name)
VALUES (17, 'Heaven''s Tear Earrings');

INSERT INTO Inventory_DefItem (Id, Item_name)
VALUES (17, 'Ninja Suit');

INSERT INTO Inventory_DefItem (Id, Item_name)
VALUES (17, 'Leather Shoes');

INSERT INTO Inventory_DefItem (Id, Item_name)
VALUES (17, 'Ebony Earrings');

INSERT INTO Inventory_DefItem (Id, Item_name)
VALUES (18, 'Crystal Necklace');

INSERT INTO Inventory_DefItem (Id, Item_name)
VALUES (18, 'Leather Shoes');

INSERT INTO Inventory_DefItem (Id, Item_name)
VALUES (18, 'White Gold Bracelet');

INSERT INTO Inventory_DefItem (Id, Item_name)
VALUES (18, 'Fire Bird Shoes');

INSERT INTO Inventory_DefItem (Id, Item_name)
VALUES (18, 'Clothing of Morality');

INSERT INTO Inventory_DefItem (Id, Item_name)
VALUES (18, 'Crimson Suit');

INSERT INTO Inventory_DefItem (Id, Item_name)
VALUES (18, 'Lethal Plate Armour');

INSERT INTO Inventory_DefItem (Id, Item_name)
VALUES (18, 'Gost Mask Armour');

INSERT INTO Inventory_DefItem (Id, Item_name)
VALUES (18, 'Chain Hood');

INSERT INTO Inventory_DefItem (Id, Item_name)
VALUES (18, 'Ghost Mask Sallet');

INSERT INTO Inventory_DefItem (Id, Item_name)
VALUES (18, 'Battle Shield');

INSERT INTO Inventory_DefItem (Id, Item_name)
VALUES (18, 'Heaven''s Tear Earrings');

INSERT INTO Inventory_DefItem (Id, Item_name)
VALUES (18, 'Heaven''s Tear Bracelet');

INSERT INTO Inventory_DefItem (Id, Item_name)
VALUES (18, 'Amorous Clothing');

INSERT INTO Inventory_DefItem (Id, Item_name)
VALUES (18, 'Pentagon Shield');

INSERT INTO Inventory_DefItem (Id, Item_name)
VALUES (19, 'Fire Bird Shoes');

INSERT INTO Inventory_DefItem (Id, Item_name)
VALUES (19, 'Heaven''s Tear Bracelet');

INSERT INTO Inventory_DefItem (Id, Item_name)
VALUES (19, 'Chain Hood');

INSERT INTO Inventory_DefItem (Id, Item_name)
VALUES (19, 'Pentagon Shield');

INSERT INTO Inventory_DefItem (Id, Item_name)
VALUES (19, 'Battle Shield');

INSERT INTO Inventory_DefItem (Id, Item_name)
VALUES (19, 'Black Round Shield');

INSERT INTO Inventory_DefItem (Id, Item_name)
VALUES (19, 'Ninja Suit');

INSERT INTO Inventory_DefItem (Id, Item_name)
VALUES (19, 'Silver Bracelet');

INSERT INTO Inventory_DefItem (Id, Item_name)
VALUES (19, 'Bloody Helmet');

INSERT INTO Inventory_DefItem (Id, Item_name)
VALUES (19, 'Amethyst Earrings');

INSERT INTO Inventory_DefItem (Id, Item_name)
VALUES (19, 'Requiem Plate Armour');

INSERT INTO Inventory_DefItem (Id, Item_name)
VALUES (19, 'Leather Boots');

INSERT INTO Inventory_DefItem (Id, Item_name)
VALUES (19, 'Leather Shoes');

INSERT INTO Inventory_DefItem (Id, Item_name)
VALUES (19, 'Heaven''s Tear Earrings');

INSERT INTO Inventory_DefItem (Id, Item_name)
VALUES (20, 'Ghost Mask Sallet');

INSERT INTO Inventory_DefItem (Id, Item_name)
VALUES (20, 'Lethal Plate Armour');

INSERT INTO Inventory_DefItem (Id, Item_name)
VALUES (20, 'White Gold Bracelet');

INSERT INTO Inventory_DefItem (Id, Item_name)
VALUES (20, 'Ninja Suit');

INSERT INTO Inventory_DefItem (Id, Item_name)
VALUES (20, 'Heaven''s Tear Bracelet');

INSERT INTO Inventory_DefItem (Id, Item_name)
VALUES (20, 'Amorous Clothing');

INSERT INTO Inventory_DefItem (Id, Item_name)
VALUES (20, 'Clothing of Morality');

INSERT INTO Inventory_DefItem (Id, Item_name)
VALUES (21, 'Ninja Suit');

INSERT INTO Inventory_DefItem (Id, Item_name)
VALUES (21, 'Golden necklace');

INSERT INTO Inventory_DefItem (Id, Item_name)
VALUES (21, 'Fire Bird Shoes');

INSERT INTO Inventory_DefItem (Id, Item_name)
VALUES (21, 'Black Round Shield');

INSERT INTO Inventory_DefItem (Id, Item_name)
VALUES (21, 'Crimson Suit');

INSERT INTO Inventory_DefItem (Id, Item_name)
VALUES (21, 'Ebony Earrings');

INSERT INTO Inventory_DefItem (Id, Item_name)
VALUES (21, 'Heaven''s Tear Necklace');

INSERT INTO Inventory_DefItem (Id, Item_name)
VALUES (21, 'Bloody Helmet');

INSERT INTO Inventory_DefItem (Id, Item_name)
VALUES (21, 'Gost Mask Armour');

INSERT INTO Inventory_DefItem (Id, Item_name)
VALUES (21, 'Pentagon Shield');

INSERT INTO Inventory_DefItem (Id, Item_name)
VALUES (21, 'Leather Shoes');

INSERT INTO Inventory_DefItem (Id, Item_name)
VALUES (21, 'Heaven''s Tear Earrings');

INSERT INTO Inventory_DefItem (Id, Item_name)
VALUES (21, 'Clothing of Morality');

INSERT INTO Inventory_DefItem (Id, Item_name)
VALUES (21, 'Heaven''s Tear Bracelet');

INSERT INTO Inventory_OffItem (Id, Item_name)
VALUES (1, 'Dragon knife');

INSERT INTO Inventory_OffItem (Id, Item_name)
VALUES (1, 'Devil Mask Dagger');

INSERT INTO Inventory_OffItem (Id, Item_name)
VALUES (1, 'Full Moon Sword');

INSERT INTO Inventory_OffItem (Id, Item_name)
VALUES (1, 'Broad Sword');

INSERT INTO Inventory_OffItem (Id, Item_name)
VALUES (1, 'Glaive');

INSERT INTO Inventory_OffItem (Id, Item_name)
VALUES (2, 'Broad Sword');

INSERT INTO Inventory_OffItem (Id, Item_name)
VALUES (2, 'Glaive');

INSERT INTO Inventory_OffItem (Id, Item_name)
VALUES (2, 'Full Moon Sword');

INSERT INTO Inventory_OffItem (Id, Item_name)
VALUES (2, 'Poison Sword');

INSERT INTO Inventory_OffItem (Id, Item_name)
VALUES (2, 'Chackram');

INSERT INTO Inventory_OffItem (Id, Item_name)
VALUES (2, 'Battle Sword');

INSERT INTO Inventory_OffItem (Id, Item_name)
VALUES (2, 'Devil Mask Dagger');

INSERT INTO Inventory_OffItem (Id, Item_name)
VALUES (2, 'Dragon knife');

INSERT INTO Inventory_OffItem (Id, Item_name)
VALUES (3, 'Guillotine Blade');

INSERT INTO Inventory_OffItem (Id, Item_name)
VALUES (3, 'Chackram');

INSERT INTO Inventory_OffItem (Id, Item_name)
VALUES (3, 'Battle Sword');

INSERT INTO Inventory_OffItem (Id, Item_name)
VALUES (3, 'Full Moon Sword');

INSERT INTO Inventory_OffItem (Id, Item_name)
VALUES (3, 'Bloody Dagger');

INSERT INTO Inventory_OffItem (Id, Item_name)
VALUES (3, 'Poison Sword');

INSERT INTO Inventory_OffItem (Id, Item_name)
VALUES (3, 'Devil Mask Dagger');

INSERT INTO Inventory_OffItem (Id, Item_name)
VALUES (4, 'Full Moon Sword');

INSERT INTO Inventory_OffItem (Id, Item_name)
VALUES (4, 'Dragon knife');

INSERT INTO Inventory_OffItem (Id, Item_name)
VALUES (4, 'Spear');

INSERT INTO Inventory_OffItem (Id, Item_name)
VALUES (4, 'Bloody Dagger');

INSERT INTO Inventory_OffItem (Id, Item_name)
VALUES (4, 'Chackram');

INSERT INTO Inventory_OffItem (Id, Item_name)
VALUES (4, 'Poison Sword');

INSERT INTO Inventory_OffItem (Id, Item_name)
VALUES (5, 'Bloody Dagger');

INSERT INTO Inventory_OffItem (Id, Item_name)
VALUES (5, 'Full Moon Sword');

INSERT INTO Inventory_OffItem (Id, Item_name)
VALUES (5, 'Devil Mask Dagger');

INSERT INTO Inventory_OffItem (Id, Item_name)
VALUES (5, 'Spear');

INSERT INTO Inventory_OffItem (Id, Item_name)
VALUES (5, 'Broad Sword');

INSERT INTO Inventory_OffItem (Id, Item_name)
VALUES (5, 'Battle Sword');

INSERT INTO Inventory_OffItem (Id, Item_name)
VALUES (5, 'Poison Sword');

INSERT INTO Inventory_OffItem (Id, Item_name)
VALUES (5, 'Guillotine Blade');

INSERT INTO Inventory_OffItem (Id, Item_name)
VALUES (5, 'Glaive');

INSERT INTO Inventory_OffItem (Id, Item_name)
VALUES (5, 'Dragon knife');

INSERT INTO Inventory_OffItem (Id, Item_name)
VALUES (5, 'Chackram');

INSERT INTO Inventory_OffItem (Id, Item_name)
VALUES (6, 'Bloody Dagger');

INSERT INTO Inventory_OffItem (Id, Item_name)
VALUES (6, 'Dragon knife');

INSERT INTO Inventory_OffItem (Id, Item_name)
VALUES (6, 'Full Moon Sword');

INSERT INTO Inventory_OffItem (Id, Item_name)
VALUES (6, 'Battle Sword');

INSERT INTO Inventory_OffItem (Id, Item_name)
VALUES (6, 'Devil Mask Dagger');

INSERT INTO Inventory_OffItem (Id, Item_name)
VALUES (6, 'Guillotine Blade');

INSERT INTO Inventory_OffItem (Id, Item_name)
VALUES (6, 'Spear');

INSERT INTO Inventory_OffItem (Id, Item_name)
VALUES (6, 'Broad Sword');

INSERT INTO Inventory_OffItem (Id, Item_name)
VALUES (6, 'Chackram');

INSERT INTO Inventory_OffItem (Id, Item_name)
VALUES (6, 'Poison Sword');

INSERT INTO Inventory_OffItem (Id, Item_name)
VALUES (7, 'Glaive');

INSERT INTO Inventory_OffItem (Id, Item_name)
VALUES (7, 'Bloody Dagger');

INSERT INTO Inventory_OffItem (Id, Item_name)
VALUES (7, 'Devil Mask Dagger');

INSERT INTO Inventory_OffItem (Id, Item_name)
VALUES (7, 'Battle Sword');

INSERT INTO Inventory_OffItem (Id, Item_name)
VALUES (7, 'Dragon knife');

INSERT INTO Inventory_OffItem (Id, Item_name)
VALUES (7, 'Full Moon Sword');

INSERT INTO Inventory_OffItem (Id, Item_name)
VALUES (7, 'Chackram');

INSERT INTO Inventory_OffItem (Id, Item_name)
VALUES (7, 'Poison Sword');

INSERT INTO Inventory_OffItem (Id, Item_name)
VALUES (7, 'Broad Sword');

INSERT INTO Inventory_OffItem (Id, Item_name)
VALUES (7, 'Guillotine Blade');

INSERT INTO Inventory_OffItem (Id, Item_name)
VALUES (7, 'Spear');

INSERT INTO Inventory_OffItem (Id, Item_name)
VALUES (8, 'Full Moon Sword');

INSERT INTO Inventory_OffItem (Id, Item_name)
VALUES (8, 'Spear');

INSERT INTO Inventory_OffItem (Id, Item_name)
VALUES (8, 'Battle Sword');

INSERT INTO Inventory_OffItem (Id, Item_name)
VALUES (8, 'Dragon knife');

INSERT INTO Inventory_OffItem (Id, Item_name)
VALUES (8, 'Poison Sword');

INSERT INTO Inventory_OffItem (Id, Item_name)
VALUES (8, 'Chackram');

INSERT INTO Inventory_OffItem (Id, Item_name)
VALUES (8, 'Bloody Dagger');

INSERT INTO Inventory_OffItem (Id, Item_name)
VALUES (8, 'Broad Sword');

INSERT INTO Inventory_OffItem (Id, Item_name)
VALUES (9, 'Battle Sword');

INSERT INTO Inventory_OffItem (Id, Item_name)
VALUES (9, 'Chackram');

INSERT INTO Inventory_OffItem (Id, Item_name)
VALUES (9, 'Bloody Dagger');

INSERT INTO Inventory_OffItem (Id, Item_name)
VALUES (9, 'Devil Mask Dagger');

INSERT INTO Inventory_OffItem (Id, Item_name)
VALUES (9, 'Poison Sword');

INSERT INTO Inventory_OffItem (Id, Item_name)
VALUES (9, 'Broad Sword');

INSERT INTO Inventory_OffItem (Id, Item_name)
VALUES (9, 'Glaive');

INSERT INTO Inventory_OffItem (Id, Item_name)
VALUES (9, 'Full Moon Sword');

INSERT INTO Inventory_OffItem (Id, Item_name)
VALUES (9, 'Dragon knife');

INSERT INTO Inventory_OffItem (Id, Item_name)
VALUES (10, 'Broad Sword');

INSERT INTO Inventory_OffItem (Id, Item_name)
VALUES (10, 'Devil Mask Dagger');

INSERT INTO Inventory_OffItem (Id, Item_name)
VALUES (10, 'Spear');

INSERT INTO Inventory_OffItem (Id, Item_name)
VALUES (10, 'Battle Sword');

INSERT INTO Inventory_OffItem (Id, Item_name)
VALUES (10, 'Bloody Dagger');

INSERT INTO Inventory_OffItem (Id, Item_name)
VALUES (10, 'Guillotine Blade');

INSERT INTO Inventory_OffItem (Id, Item_name)
VALUES (10, 'Full Moon Sword');

INSERT INTO Inventory_OffItem (Id, Item_name)
VALUES (11, 'Broad Sword');

INSERT INTO Inventory_OffItem (Id, Item_name)
VALUES (11, 'Full Moon Sword');

INSERT INTO Inventory_OffItem (Id, Item_name)
VALUES (11, 'Chackram');

INSERT INTO Inventory_OffItem (Id, Item_name)
VALUES (11, 'Spear');

INSERT INTO Inventory_OffItem (Id, Item_name)
VALUES (11, 'Bloody Dagger');

INSERT INTO Inventory_OffItem (Id, Item_name)
VALUES (12, 'Battle Sword');

INSERT INTO Inventory_OffItem (Id, Item_name)
VALUES (12, 'Full Moon Sword');

INSERT INTO Inventory_OffItem (Id, Item_name)
VALUES (12, 'Glaive');

INSERT INTO Inventory_OffItem (Id, Item_name)
VALUES (12, 'Dragon knife');

INSERT INTO Inventory_OffItem (Id, Item_name)
VALUES (12, 'Broad Sword');

INSERT INTO Inventory_OffItem (Id, Item_name)
VALUES (12, 'Spear');

INSERT INTO Inventory_OffItem (Id, Item_name)
VALUES (12, 'Devil Mask Dagger');

INSERT INTO Inventory_OffItem (Id, Item_name)
VALUES (12, 'Bloody Dagger');

INSERT INTO Inventory_OffItem (Id, Item_name)
VALUES (12, 'Poison Sword');

INSERT INTO Inventory_OffItem (Id, Item_name)
VALUES (12, 'Chackram');

INSERT INTO Inventory_OffItem (Id, Item_name)
VALUES (12, 'Guillotine Blade');

INSERT INTO Inventory_OffItem (Id, Item_name)
VALUES (13, 'Full Moon Sword');

INSERT INTO Inventory_OffItem (Id, Item_name)
VALUES (13, 'Guillotine Blade');

INSERT INTO Inventory_OffItem (Id, Item_name)
VALUES (13, 'Bloody Dagger');

INSERT INTO Inventory_OffItem (Id, Item_name)
VALUES (13, 'Poison Sword');

INSERT INTO Inventory_OffItem (Id, Item_name)
VALUES (13, 'Battle Sword');

INSERT INTO Inventory_OffItem (Id, Item_name)
VALUES (13, 'Devil Mask Dagger');

INSERT INTO Inventory_OffItem (Id, Item_name)
VALUES (13, 'Glaive');

INSERT INTO Inventory_OffItem (Id, Item_name)
VALUES (13, 'Broad Sword');

INSERT INTO Inventory_OffItem (Id, Item_name)
VALUES (14, 'Guillotine Blade');

INSERT INTO Inventory_OffItem (Id, Item_name)
VALUES (14, 'Spear');

INSERT INTO Inventory_OffItem (Id, Item_name)
VALUES (14, 'Poison Sword');

INSERT INTO Inventory_OffItem (Id, Item_name)
VALUES (14, 'Battle Sword');

INSERT INTO Inventory_OffItem (Id, Item_name)
VALUES (14, 'Devil Mask Dagger');

INSERT INTO Inventory_OffItem (Id, Item_name)
VALUES (14, 'Chackram');

INSERT INTO Inventory_OffItem (Id, Item_name)
VALUES (14, 'Glaive');

INSERT INTO Inventory_OffItem (Id, Item_name)
VALUES (14, 'Full Moon Sword');

INSERT INTO Inventory_OffItem (Id, Item_name)
VALUES (14, 'Broad Sword');

INSERT INTO Inventory_OffItem (Id, Item_name)
VALUES (15, 'Devil Mask Dagger');

INSERT INTO Inventory_OffItem (Id, Item_name)
VALUES (15, 'Full Moon Sword');

INSERT INTO Inventory_OffItem (Id, Item_name)
VALUES (15, 'Guillotine Blade');

INSERT INTO Inventory_OffItem (Id, Item_name)
VALUES (15, 'Spear');

INSERT INTO Inventory_OffItem (Id, Item_name)
VALUES (15, 'Chackram');

INSERT INTO Inventory_OffItem (Id, Item_name)
VALUES (15, 'Poison Sword');

INSERT INTO Inventory_OffItem (Id, Item_name)
VALUES (15, 'Glaive');

INSERT INTO Inventory_OffItem (Id, Item_name)
VALUES (16, 'Spear');

INSERT INTO Inventory_OffItem (Id, Item_name)
VALUES (16, 'Dragon knife');

INSERT INTO Inventory_OffItem (Id, Item_name)
VALUES (16, 'Broad Sword');

INSERT INTO Inventory_OffItem (Id, Item_name)
VALUES (16, 'Guillotine Blade');

INSERT INTO Inventory_OffItem (Id, Item_name)
VALUES (16, 'Glaive');

INSERT INTO Inventory_OffItem (Id, Item_name)
VALUES (16, 'Poison Sword');

INSERT INTO Inventory_OffItem (Id, Item_name)
VALUES (16, 'Battle Sword');

INSERT INTO Inventory_OffItem (Id, Item_name)
VALUES (16, 'Bloody Dagger');

INSERT INTO Inventory_OffItem (Id, Item_name)
VALUES (16, 'Devil Mask Dagger');

INSERT INTO Inventory_OffItem (Id, Item_name)
VALUES (16, 'Full Moon Sword');

INSERT INTO Inventory_OffItem (Id, Item_name)
VALUES (16, 'Chackram');

INSERT INTO Inventory_OffItem (Id, Item_name)
VALUES (17, 'Broad Sword');

INSERT INTO Inventory_OffItem (Id, Item_name)
VALUES (17, 'Chackram');

INSERT INTO Inventory_OffItem (Id, Item_name)
VALUES (17, 'Poison Sword');

INSERT INTO Inventory_OffItem (Id, Item_name)
VALUES (17, 'Devil Mask Dagger');

INSERT INTO Inventory_OffItem (Id, Item_name)
VALUES (18, 'Devil Mask Dagger');

INSERT INTO Inventory_OffItem (Id, Item_name)
VALUES (18, 'Bloody Dagger');

INSERT INTO Inventory_OffItem (Id, Item_name)
VALUES (18, 'Spear');

INSERT INTO Inventory_OffItem (Id, Item_name)
VALUES (18, 'Guillotine Blade');

INSERT INTO Inventory_OffItem (Id, Item_name)
VALUES (18, 'Full Moon Sword');

INSERT INTO Inventory_OffItem (Id, Item_name)
VALUES (18, 'Dragon knife');

INSERT INTO Inventory_OffItem (Id, Item_name)
VALUES (19, 'Poison Sword');

INSERT INTO Inventory_OffItem (Id, Item_name)
VALUES (19, 'Spear');

INSERT INTO Inventory_OffItem (Id, Item_name)
VALUES (19, 'Broad Sword');

INSERT INTO Inventory_OffItem (Id, Item_name)
VALUES (19, 'Devil Mask Dagger');

INSERT INTO Inventory_OffItem (Id, Item_name)
VALUES (19, 'Dragon knife');

INSERT INTO Inventory_OffItem (Id, Item_name)
VALUES (20, 'Spear');

INSERT INTO Inventory_OffItem (Id, Item_name)
VALUES (20, 'Dragon knife');

INSERT INTO Inventory_OffItem (Id, Item_name)
VALUES (20, 'Poison Sword');

INSERT INTO Inventory_OffItem (Id, Item_name)
VALUES (20, 'Devil Mask Dagger');

INSERT INTO Inventory_OffItem (Id, Item_name)
VALUES (20, 'Battle Sword');

INSERT INTO Inventory_OffItem (Id, Item_name)
VALUES (20, 'Chackram');

INSERT INTO Inventory_OffItem (Id, Item_name)
VALUES (20, 'Guillotine Blade');

INSERT INTO Inventory_OffItem (Id, Item_name)
VALUES (20, 'Full Moon Sword');

INSERT INTO Inventory_OffItem (Id, Item_name)
VALUES (20, 'Glaive');

INSERT INTO Inventory_OffItem (Id, Item_name)
VALUES (21, 'Bloody Dagger');

INSERT INTO Inventory_OffItem (Id, Item_name)
VALUES (21, 'Guillotine Blade');

INSERT INTO Inventory_OffItem (Id, Item_name)
VALUES (21, 'Devil Mask Dagger');

INSERT INTO Inventory_OffItem (Id, Item_name)
VALUES (21, 'Poison Sword');

INSERT INTO Inventory_OffItem (Id, Item_name)
VALUES (21, 'Broad Sword');

INSERT INTO Inventory_OffItem (Id, Item_name)
VALUES (21, 'Full Moon Sword');

INSERT INTO Inventory_OffItem (Id, Item_name)
VALUES (21, 'Glaive');

INSERT INTO Inventory_OffItem (Id, Item_name)
VALUES (21, 'Dragon knife');

INSERT INTO Inventory_OffItem (Id, Item_name)
VALUES (21, 'Battle Sword');

INSERT INTO Inventory_OffItem (Id, Item_name)
VALUES (21, 'Chackram');

INSERT INTO Aggresive_NPC (Name, Description, Inventory_Id)
VALUES ('Jug-Hyul', 'In Joan the monster can be found near the biologist. In Yongan the monster can be found between the city and the old man beneath the city. In Pyungmoo he is at the bottom left near the Old Man.', 18);

INSERT INTO Aggresive_NPC (Name, Description, Inventory_Id)
VALUES ('Black Orc', 'Caused relatively little damage, despite its high class. Because of its high class difficult to defeat!', 19);

INSERT INTO Aggresive_NPC (Name, Description, Inventory_Id)
VALUES ('Apegeneral', 'Has a Chance of Poisoning. Has a Chance of Slowing.', 20);

INSERT INTO Aggresive_NPC (Name, Description, Inventory_Id)
VALUES ('Queen Spider', 'Respawn every 240 minutes in Spiders Dungeon 1 and every 30 minutes in Spiders Dungeon 2 Preferable to be killed with a Poly Marble. It has two kinds of attacks, 1st is a poison cloud,something like the Ninja Blade skill and other is normal physical attack. It makes a very weak damage compared to other BOSS monsters,but it has a huge HP and a very fast regeneration rate.', 21);

INSERT INTO Neutral_NPC (Name, Description, Inventory_Id)
VALUES ('Blacksmith', 'The blacksmith is one of the major NPC''s in the game. It has the possibility to upgrade items and make it a higher (+). Upgradeable items include: weapons, armour, accessories, etc. Each (+) level improves the item''s properties, for example: a armor''s defense would increase. The higher the (+), the better the item is.', 14);

INSERT INTO Neutral_NPC (Name, Description, Inventory_Id)
VALUES ('Captain', 'Quest Starter. Exchanges hairstyles of the old system to new system', 15);

INSERT INTO Neutral_NPC (Name, Description, Inventory_Id)
VALUES ('General Store', 'Here you can buy Red Potion and Blue Potion, and also Leather Shoes, Wooden Bracelet, Wooden Necklace, Wooden Earrings, Bottle Empty Bottle, Bundle, Scroll of Binding, Scroll of Unbinding, Transform Costume, Enchant Costume.', 16);

INSERT INTO Neutral_NPC (Name, Description, Inventory_Id)
VALUES ('Deokbae', 'Sells and improves the pickaxe', 17);

INSERT INTO Character (Name, Description)
VALUES ('Warrior', 'Thanks to their skills, their arming and the ability to wear heavy armor the Warrior plays a central role in close combat. They only strive for great physical strength and balanced mind.');

INSERT INTO Character (Name, Description)
VALUES ('Ninja', 'Ninjas are professional killers who are able ambush you at any time.');

INSERT INTO Character (Name, Description)
VALUES ('Sura', 'The Sura is a fighter who came in possession of magic forces when they agreed to let the devil seed grow in their arm. Therefor they are able to swing swords in close combat skilfully, or attack from a distance with black magic.');

INSERT INTO Character (Name, Description)
VALUES ('Shaman', 'Shaman are versatile magic-based characters with the capability to deal impressive damage with offensive spells while also strengthening themselves and their allies with invaluable support skills. With their unique abilities, a shaman can be indispensable in group play and also can take on challenges alone, if they so wish.');

INSERT INTO Character (Name, Description)
VALUES ('Lycan', 'Lycans are formidable wolf creatures which were once infected by an incurable virus, losing their human forms and mutating into beasts. Thanks to their unbridled power and heightened instincts they make exeptional close combat fighters. Fearless in the face of conflict, they always seek out the front lines.');

INSERT INTO Offensive_skill (Name, Description, Bonus_Damage, Character_Name)
VALUES ('Aura of the Sword', 'Increases Attack Power for a period of time.', 90, 'Warrior');

INSERT INTO Offensive_skill (Name, Description, Bonus_Damage, Character_Name)
VALUES ('Spirit Strike', 'Attack enemies directly.', 120, 'Warrior');

INSERT INTO Offensive_skill (Name, Description, Bonus_Damage, Character_Name)
VALUES ('Ambush', 'Approach an enemy from behind and make a deadly attack.', 110, 'Ninja');

INSERT INTO Offensive_skill (Name, Description, Bonus_Damage, Character_Name)
VALUES ('Rolling Dagger', 'Whirl around enemies with a dagger.', 80, 'Ninja');

INSERT INTO Offensive_skill (Name, Description, Bonus_Damage, Character_Name)
VALUES ('Enchanted Blade', 'Endow your blade with a powerful ghost.', 100, 'Sura');

INSERT INTO Offensive_skill (Name, Description, Bonus_Damage, Character_Name)
VALUES ('Dragon Swirl', 'Create a strong tornado to defeat several enemies.', 70, 'Sura');

INSERT INTO Offensive_skill (Name, Description, Bonus_Damage, Character_Name)
VALUES ('Dragon''s Roar', 'Attack enemies with a dragon figure.', 60, 'Shaman');

INSERT INTO Offensive_skill (Name, Description, Bonus_Damage, Character_Name)
VALUES ('Summon Lightning', 'Summon Thunderbolts from the sky.', 65, 'Shaman');

INSERT INTO Offensive_skill (Name, Description, Bonus_Damage, Character_Name)
VALUES ('Shred', 'Tear into your opponent with a powerful blow.', 100, 'Lycan');

INSERT INTO Offensive_skill (Name, Description, Bonus_Damage, Character_Name)
VALUES ('Wolf''s Breath', 'Attack your opponent with a deadly gust of air.', 80, 'Lycan');

INSERT INTO Defensive_skill (Name, Description, Bonus_Health, Character_Name)
VALUES ('Berserk', 'Only concentrate on attacking.', 70, 'Warrior');

INSERT INTO Defensive_skill (Name, Description, Bonus_Health, Character_Name)
VALUES ('Strong Body', 'Increases defence and you won''t fall on the ground.', 100, 'Warrior');

INSERT INTO Defensive_skill (Name, Description, Bonus_Health, Character_Name)
VALUES ('Stealth', 'You can hide yourself.', 0, 'Ninja');

INSERT INTO Defensive_skill (Name, Description, Bonus_Health, Character_Name)
VALUES ('Feather Walk', 'Make your body lighter to increase moving speed.', 0, 'Ninja');

INSERT INTO Defensive_skill (Name, Description, Bonus_Health, Character_Name)
VALUES ('Enchanted Armour', 'Protect your body with dark armour.', 110, 'Sura');

INSERT INTO Defensive_skill (Name, Description, Bonus_Health, Character_Name)
VALUES ('Fear', 'Weakens the enemies abilities.', 60, 'Sura');

INSERT INTO Defensive_skill (Name, Description, Bonus_Health, Character_Name)
VALUES ('Blessing', 'Protect your partner or yourself with a protection circle.', 140, 'Shaman');

INSERT INTO Defensive_skill (Name, Description, Bonus_Health, Character_Name)
VALUES ('Cure', 'Heal wounds with the aid of light.', 120, 'Shaman');

INSERT INTO Defensive_skill (Name, Description, Bonus_Health, Character_Name)
VALUES ('Crimson Wolf Soul', 'Become possessed by the soul of the crimson wolf.', 130, 'Lycan');

INSERT INTO Defensive_skill (Name, Description, Bonus_Health, Character_Name)
VALUES ('Indigo Wolf Soul', 'Increase the attack speed and evasion of your entire group.', 70, 'Lycan');

INSERT INTO Player_Character (Username, Character_Name, Lvl)
VALUES ('Dawlau', 'Warrior', 23);

INSERT INTO Player_Character (Username, Character_Name, Lvl)
VALUES ('Dawlau', 'Sura', 76);

INSERT INTO Player_Character (Username, Character_Name, Lvl)
VALUES ('John', 'Lycan', 32);

INSERT INTO Player_Character (Username, Character_Name, Lvl)
VALUES ('WarriorMan', 'Shaman', 65);

INSERT INTO Player_Character (Username, Character_Name, Lvl)
VALUES ('lNlotforyou', 'Sura', 54);

INSERT INTO Player_Character (Username, Character_Name, Lvl)
VALUES ('lNlotforyou', 'Shaman', 12);

INSERT INTO Player_Character (Username, Character_Name, Lvl)
VALUES ('lNlotforyou', 'Ninja', 52);

INSERT INTO Player_Character (Username, Character_Name, Lvl)
VALUES ('Kanibalutzu', 'Sura', 24);

INSERT INTO Player_Character (Username, Character_Name, Lvl)
VALUES ('Iflorin30', 'Ninja', 79);

INSERT INTO Player_Character (Username, Character_Name, Lvl)
VALUES ('Iflorin30', 'Shaman', 53);

INSERT INTO Player_Character (Username, Character_Name, Lvl)
VALUES ('SweetPau', 'Warrior', 64);

INSERT INTO Player_Character (Username, Character_Name, Lvl)
VALUES ('xIoNuT01x', 'Lycan', 67);

INSERT INTO Player_Character (Username, Character_Name, Lvl)
VALUES ('xIoNuT01x', 'Ninja', 25);

INSERT INTO Player_Character (Username, Character_Name, Lvl)
VALUES ('FearOfTheGun', 'Shaman', 53);

INSERT INTO Player_Character (Username, Character_Name, Lvl)
VALUES ('Kanidy', 'Sura', 45);

INSERT INTO Player_Character (Username, Character_Name, Lvl)
VALUES ('beLLeSe', 'Sura', 13);

INSERT INTO Player_Character (Username, Character_Name, Lvl)
VALUES ('beLLeSe', 'Shaman', 63);

INSERT INTO Player_Character (Username, Character_Name, Lvl)
VALUES ('beLLeSe', 'Warrior', 32);

INSERT INTO Player_Character (Username, Character_Name, Lvl)
VALUES ('beLLeSe', 'Ninja', 76);

INSERT INTO Player_Character (Username, Character_Name, Lvl)
VALUES ('ID3von', 'Ninja', 65);

INSERT INTO Player_Character (Username, Character_Name, Lvl)
VALUES ('Julissa', 'Sura', 99);

INSERT INTO Player_Character (Username, Character_Name, Lvl)
VALUES ('Julissa', 'Ninja', 63);

INSERT INTO Player_Character (Username, Character_Name, Lvl)
VALUES ('Julissa', 'Warrior', 75);

INSERT INTO Player_Character (Username, Character_Name, Lvl)
VALUES ('Julissa', 'Shaman', 34);

INSERT INTO Player_Character (Username, Character_Name, Lvl)
VALUES ('Julissa', 'Lycan', 45);

